feature,score,rank,selector,fold,selected_feature_count
token_length,0.73043496410433,1,correlation_pruned_top_40,1,40
base_C_count,0.7046411879553839,2,correlation_pruned_top_40,1,40
base_G_count,0.6803970766543654,3,correlation_pruned_top_40,1,40
rna_last_position,0.6720304173661572,4,correlation_pruned_top_40,1,40
rna_count_5p,0.6600332981826483,5,correlation_pruned_top_40,1,40
token_rG_count,0.6166342524398263,6,correlation_pruned_top_40,1,40
base_U_count,0.5864577470867293,7,correlation_pruned_top_40,1,40
token_rU_count,0.5844599982583938,8,correlation_pruned_top_40,1,40
modified_token_last_position,0.5350576972631536,9,correlation_pruned_top_40,1,40
modified_token_position_std,0.5245026503269881,10,correlation_pruned_top_40,1,40
methyl_position_std,0.495420644285051,11,correlation_pruned_top_40,1,40
star_mean_position,0.4927864118036575,12,correlation_pruned_top_40,1,40
rna_count_3p,0.4779521943736449,13,correlation_pruned_top_40,1,40
longest_rna_run,0.3906071472834183,14,correlation_pruned_top_40,1,40
longest_rC_run,0.38909720457517283,15,correlation_pruned_top_40,1,40
base_C_fraction,0.38727671952118414,16,correlation_pruned_top_40,1,40
max_gc_window_10,0.38669977309832887,17,correlation_pruned_top_40,1,40
token_rC_fraction,0.372067117013206,18,correlation_pruned_top_40,1,40
longest_rG_run,0.35673095590276493,19,correlation_pruned_top_40,1,40
longest_gc_run,0.3422981772759467,20,correlation_pruned_top_40,1,40
base_A_fraction,0.3261391973654233,21,correlation_pruned_top_40,1,40
token_rG_fraction,0.3007452986433361,22,correlation_pruned_top_40,1,40
base_G_fraction,0.29356769222993834,23,correlation_pruned_top_40,1,40
star_count_3p,0.263429965656359,24,correlation_pruned_top_40,1,40
rna_density_5p,0.2056349947191885,25,correlation_pruned_top_40,1,40
token_rA_fraction,0.20561773365079555,26,correlation_pruned_top_40,1,40
slash_mod_first_position,0.2013697788105281,27,correlation_pruned_top_40,1,40
star_mean_fraction,0.20052400691978778,28,correlation_pruned_top_40,1,40
star_density_5p,0.19239316012848162,29,correlation_pruned_top_40,1,40
star_density_middle,0.17333739079557522,30,correlation_pruned_top_40,1,40
slash_mod_first_fraction,0.1713583027589672,31,correlation_pruned_top_40,1,40
lna_position_std,0.17107899259026943,32,correlation_pruned_top_40,1,40
token_mA_fraction,0.16810499778654686,33,correlation_pruned_top_40,1,40
modified_token_mean_fraction,0.1653702960119246,34,correlation_pruned_top_40,1,40
longest_lna_run,0.16253888517175735,35,correlation_pruned_top_40,1,40
token_mU_fraction,0.15226924430213432,36,correlation_pruned_top_40,1,40
slash_mod_density_middle,0.15162476694163396,37,correlation_pruned_top_40,1,40
methyl_density_5p,0.15046549321131192,38,correlation_pruned_top_40,1,40
star_count,0.1434562063636444,39,correlation_pruned_top_40,1,40
token_rU_fraction,0.1398511270907354,40,correlation_pruned_top_40,1,40
modified_token_last_position,0.6566215778802849,1,mutual_info_top_40,1,40
token_length,0.6519359265006535,2,mutual_info_top_40,1,40
star_last_position,0.6360470894947148,3,mutual_info_top_40,1,40
base_length,0.6320682784749407,4,mutual_info_top_40,1,40
decorated_length,0.6307741108738831,5,mutual_info_top_40,1,40
rna_first_fraction,0.6094212167419366,6,mutual_info_top_40,1,40
star_position_std,0.6086804758558508,7,mutual_info_top_40,1,40
star_mean_position,0.6086490831569149,8,mutual_info_top_40,1,40
star_first_fraction,0.5992869817317135,9,mutual_info_top_40,1,40
methyl_last_position,0.5949401132077483,10,mutual_info_top_40,1,40
rna_mean_position,0.5904507055746593,11,mutual_info_top_40,1,40
rna_position_std,0.5863968047948278,12,mutual_info_top_40,1,40
modified_token_position_std,0.585908805982517,13,mutual_info_top_40,1,40
mod_density_5p,0.5750681563415796,14,mutual_info_top_40,1,40
rna_span_fraction,0.5725467965309794,15,mutual_info_top_40,1,40
methyl_position_std,0.5712942488832855,16,mutual_info_top_40,1,40
modified_token_mean_position,0.5612018290180134,17,mutual_info_top_40,1,40
modified_token_density_5p,0.5593875813927305,18,mutual_info_top_40,1,40
mod_density_3p,0.5568028902284912,19,mutual_info_top_40,1,40
base_G_count,0.5521923592718663,20,mutual_info_top_40,1,40
star_density,0.5521916049275428,21,mutual_info_top_40,1,40
rna_last_position,0.5504206803828748,22,mutual_info_top_40,1,40
rna_density_5p,0.5488033377627639,23,mutual_info_top_40,1,40
methyl_mean_position,0.5465819172083561,24,mutual_info_top_40,1,40
methyl_density_5p,0.5450091341154484,25,mutual_info_top_40,1,40
star_density_5p,0.5407261478345995,26,mutual_info_top_40,1,40
modified_token_density_3p,0.5392005007460181,27,mutual_info_top_40,1,40
rna_count_middle,0.5350736583582236,28,mutual_info_top_40,1,40
star_last_fraction,0.5254408886777959,29,mutual_info_top_40,1,40
rna_density_3p,0.5178057680934214,30,mutual_info_top_40,1,40
rna_count_5p,0.5132170961788773,31,mutual_info_top_40,1,40
star_density_3p,0.5040668717861836,32,mutual_info_top_40,1,40
star_span_fraction,0.5035442999622273,33,mutual_info_top_40,1,40
rna_count_3p,0.49079567738837415,34,mutual_info_top_40,1,40
methyl_density_3p,0.4873374858179651,35,mutual_info_top_40,1,40
base_A_count,0.48427620865808674,36,mutual_info_top_40,1,40
base_C_count,0.4792542343946309,37,mutual_info_top_40,1,40
longest_rna_run,0.4565114194769815,38,mutual_info_top_40,1,40
token_mU_fraction,0.4465004835628661,39,mutual_info_top_40,1,40
token_rC_count,0.44241744252465454,40,mutual_info_top_40,1,40
token_length,0.09217120180946807,1,extra_trees_top_40,1,40
methyl_last_position,0.08830825045738071,2,extra_trees_top_40,1,40
star_last_position,0.0743782775435097,3,extra_trees_top_40,1,40
decorated_length,0.06693108469815447,4,extra_trees_top_40,1,40
base_length,0.0546284101852973,5,extra_trees_top_40,1,40
star_position_std,0.05045116458492242,6,extra_trees_top_40,1,40
star_mean_position,0.04910669675609835,7,extra_trees_top_40,1,40
rna_mean_position,0.047578991568077725,8,extra_trees_top_40,1,40
modified_token_last_position,0.04348068129080609,9,extra_trees_top_40,1,40
rna_last_position,0.03568974802758504,10,extra_trees_top_40,1,40
base_G_count,0.03148906948982015,11,extra_trees_top_40,1,40
methyl_position_std,0.028026641384737285,12,extra_trees_top_40,1,40
rna_position_std,0.027876007756380678,13,extra_trees_top_40,1,40
base_C_count,0.026906581979648035,14,extra_trees_top_40,1,40
token_rC_count,0.02312888856318607,15,extra_trees_top_40,1,40
rna_count_middle,0.016072598975497076,16,extra_trees_top_40,1,40
token_rG_count,0.014948310765109187,17,extra_trees_top_40,1,40
rna_count_5p,0.01290683970503877,18,extra_trees_top_40,1,40
rna_count_3p,0.011181150790941306,19,extra_trees_top_40,1,40
base_U_count,0.011074117855822005,20,extra_trees_top_40,1,40
modified_token_position_std,0.010732333533896908,21,extra_trees_top_40,1,40
token_rU_count,0.010020222760504289,22,extra_trees_top_40,1,40
methyl_mean_position,0.00833466702248165,23,extra_trees_top_40,1,40
longest_rU_run,0.007648168941139606,24,extra_trees_top_40,1,40
modified_token_mean_position,0.006942779818795467,25,extra_trees_top_40,1,40
base_T_count,0.006304057805740212,26,extra_trees_top_40,1,40
longest_rna_run,0.005651477197234654,27,extra_trees_top_40,1,40
rna_first_fraction,0.004660742528696288,28,extra_trees_top_40,1,40
star_first_fraction,0.0033474526043777626,29,extra_trees_top_40,1,40
slash_mod_span_fraction,0.0032313447351359115,30,extra_trees_top_40,1,40
au_fraction,0.0030564488136355576,31,extra_trees_top_40,1,40
longest_rC_run,0.0028429129748938618,32,extra_trees_top_40,1,40
max_gc_window_10,0.0028065744577335304,33,extra_trees_top_40,1,40
longest_rA_run,0.0027845454258413733,34,extra_trees_top_40,1,40
has_slash_mod,0.0027823339671873785,35,extra_trees_top_40,1,40
terminal_gc_count,0.002715295228031271,36,extra_trees_top_40,1,40
longest_homopolymer_run,0.002639717333549792,37,extra_trees_top_40,1,40
base_A_fraction,0.0025977634785446704,38,extra_trees_top_40,1,40
base_A_count,0.002542708486378422,39,extra_trees_top_40,1,40
base_C_fraction,0.0024662381844985422,40,extra_trees_top_40,1,40
token_length,0.7256912301340352,1,correlation_pruned_top_40,2,40
base_C_count,0.6784311643553967,2,correlation_pruned_top_40,2,40
rna_count_5p,0.658438823388928,3,correlation_pruned_top_40,2,40
base_G_count,0.6531600310398517,4,correlation_pruned_top_40,2,40
token_rG_count,0.6005673456514206,5,correlation_pruned_top_40,2,40
token_rU_count,0.5505379878841885,6,correlation_pruned_top_40,2,40
base_U_count,0.5402281394633347,7,correlation_pruned_top_40,2,40
modified_token_last_position,0.4954617760716617,8,correlation_pruned_top_40,2,40
rna_count_3p,0.4805524984139566,9,correlation_pruned_top_40,2,40
star_mean_position,0.47274536179295296,10,correlation_pruned_top_40,2,40
methyl_position_std,0.4596949130609736,11,correlation_pruned_top_40,2,40
longest_rna_run,0.3911338505404643,12,correlation_pruned_top_40,2,40
longest_rC_run,0.37786774076727375,13,correlation_pruned_top_40,2,40
longest_rG_run,0.3585314069148676,14,correlation_pruned_top_40,2,40
token_rC_fraction,0.3447888618842096,15,correlation_pruned_top_40,2,40
longest_gc_run,0.3424557886471551,16,correlation_pruned_top_40,2,40
base_C_fraction,0.3399715728529939,17,correlation_pruned_top_40,2,40
max_gc_window_10,0.3311804038473877,18,correlation_pruned_top_40,2,40
token_rG_fraction,0.2844650227536747,19,correlation_pruned_top_40,2,40
base_G_fraction,0.2593179397135375,20,correlation_pruned_top_40,2,40
star_count_3p,0.25805605067971465,21,correlation_pruned_top_40,2,40
base_A_fraction,0.25556095815394886,22,correlation_pruned_top_40,2,40
rna_density_5p,0.21766344822387385,23,correlation_pruned_top_40,2,40
star_density_5p,0.21457676174419818,24,correlation_pruned_top_40,2,40
slash_mod_first_position,0.20173855235494942,25,correlation_pruned_top_40,2,40
star_density_middle,0.17924649303685417,26,correlation_pruned_top_40,2,40
star_mean_fraction,0.17852328425143862,27,correlation_pruned_top_40,2,40
slash_mod_first_fraction,0.17105952619549286,28,correlation_pruned_top_40,2,40
token_mA_fraction,0.1624346044662345,29,correlation_pruned_top_40,2,40
lna_span_fraction,0.15822585616563686,30,correlation_pruned_top_40,2,40
methyl_density_5p,0.15302083200068328,31,correlation_pruned_top_40,2,40
token_mU_fraction,0.15098499447324643,32,correlation_pruned_top_40,2,40
modified_token_mean_fraction,0.13743280800371008,33,correlation_pruned_top_40,2,40
rna_first_fraction,0.133078868229634,34,correlation_pruned_top_40,2,40
longest_slash_mod_run,0.13217675851615707,35,correlation_pruned_top_40,2,40
longest_lA_run,0.1321676177347851,36,correlation_pruned_top_40,2,40
rna_span_fraction,0.1296059128294015,37,correlation_pruned_top_40,2,40
star_count,0.12804719714349455,38,correlation_pruned_top_40,2,40
slash_mod_count_middle,0.12522534732309065,39,correlation_pruned_top_40,2,40
token_rA_count,0.12224554369608659,40,correlation_pruned_top_40,2,40
modified_token_last_position,0.634626391783891,1,mutual_info_top_40,2,40
base_length,0.6210109421291512,2,mutual_info_top_40,2,40
token_length,0.6208696377105647,3,mutual_info_top_40,2,40
decorated_length,0.599499095912758,4,mutual_info_top_40,2,40
methyl_last_position,0.5943584625232092,5,mutual_info_top_40,2,40
star_last_position,0.5915036243405254,6,mutual_info_top_40,2,40
rna_first_fraction,0.5891110403545321,7,mutual_info_top_40,2,40
star_mean_position,0.587221985731293,8,mutual_info_top_40,2,40
star_first_fraction,0.5738582873738198,9,mutual_info_top_40,2,40
rna_position_std,0.5720303516134533,10,mutual_info_top_40,2,40
rna_mean_position,0.562243720786118,11,mutual_info_top_40,2,40
star_position_std,0.5591579656572208,12,mutual_info_top_40,2,40
methyl_position_std,0.5578726891937187,13,mutual_info_top_40,2,40
rna_span_fraction,0.5509360852530354,14,mutual_info_top_40,2,40
modified_token_position_std,0.546997438902447,15,mutual_info_top_40,2,40
rna_count_middle,0.5376412121346195,16,mutual_info_top_40,2,40
rna_last_position,0.5364367369518872,17,mutual_info_top_40,2,40
mod_density_5p,0.5316708614537604,18,mutual_info_top_40,2,40
methyl_density_5p,0.5316617640273114,19,mutual_info_top_40,2,40
modified_token_density_5p,0.530886805325073,20,mutual_info_top_40,2,40
mod_density_3p,0.5307025587159209,21,mutual_info_top_40,2,40
star_density_5p,0.5259594627148796,22,mutual_info_top_40,2,40
star_density,0.5187265523205151,23,mutual_info_top_40,2,40
modified_token_mean_position,0.5178385408042789,24,mutual_info_top_40,2,40
modified_token_density_3p,0.5139042119340855,25,mutual_info_top_40,2,40
rna_density_5p,0.5126003749584647,26,mutual_info_top_40,2,40
methyl_mean_position,0.510133416732399,27,mutual_info_top_40,2,40
rna_count_5p,0.5078379209016712,28,mutual_info_top_40,2,40
star_span_fraction,0.5076110066409343,29,mutual_info_top_40,2,40
rna_density_3p,0.5059266345140072,30,mutual_info_top_40,2,40
star_last_fraction,0.49808350507646315,31,mutual_info_top_40,2,40
rna_count_3p,0.4952128425317821,32,mutual_info_top_40,2,40
star_density_3p,0.49434650925663437,33,mutual_info_top_40,2,40
base_G_count,0.4921506395130657,34,mutual_info_top_40,2,40
methyl_density_3p,0.4846013089032235,35,mutual_info_top_40,2,40
longest_rna_run,0.4632104731601894,36,mutual_info_top_40,2,40
base_A_count,0.45876946457738876,37,mutual_info_top_40,2,40
base_C_count,0.45160274055376703,38,mutual_info_top_40,2,40
rna_last_fraction,0.4289422902442541,39,mutual_info_top_40,2,40
base_T_count,0.4251654894306731,40,mutual_info_top_40,2,40
token_length,0.10168957577312181,1,extra_trees_top_40,2,40
methyl_last_position,0.08429501863048375,2,extra_trees_top_40,2,40
star_last_position,0.07351593326800249,3,extra_trees_top_40,2,40
decorated_length,0.0722451638170236,4,extra_trees_top_40,2,40
base_length,0.0695714660531382,5,extra_trees_top_40,2,40
modified_token_last_position,0.04499804870161468,6,extra_trees_top_40,2,40
star_mean_position,0.04489166905736195,7,extra_trees_top_40,2,40
rna_mean_position,0.044250799277632875,8,extra_trees_top_40,2,40
star_position_std,0.041458005355778614,9,extra_trees_top_40,2,40
rna_last_position,0.0400846122568832,10,extra_trees_top_40,2,40
base_C_count,0.03356208603053548,11,extra_trees_top_40,2,40
rna_position_std,0.030856855672341532,12,extra_trees_top_40,2,40
base_G_count,0.029127080267297874,13,extra_trees_top_40,2,40
token_rC_count,0.025319117622930286,14,extra_trees_top_40,2,40
rna_count_middle,0.02070139979974105,15,extra_trees_top_40,2,40
methyl_position_std,0.019006980275490342,16,extra_trees_top_40,2,40
rna_count_5p,0.013319629094538231,17,extra_trees_top_40,2,40
rna_count_3p,0.011914900995728854,18,extra_trees_top_40,2,40
modified_token_position_std,0.011260953168979444,19,extra_trees_top_40,2,40
token_rG_count,0.010477926888964272,20,extra_trees_top_40,2,40
methyl_mean_position,0.007012857417282104,21,extra_trees_top_40,2,40
modified_token_mean_position,0.0066367476059378495,22,extra_trees_top_40,2,40
base_U_count,0.006499465427210177,23,extra_trees_top_40,2,40
longest_rU_run,0.006397693650511056,24,extra_trees_top_40,2,40
longest_rna_run,0.005989440610667986,25,extra_trees_top_40,2,40
token_rU_count,0.004870592813054509,26,extra_trees_top_40,2,40
longest_rC_run,0.004776182199267418,27,extra_trees_top_40,2,40
star_first_fraction,0.004414997860691235,28,extra_trees_top_40,2,40
star_mean_fraction,0.004097369546516654,29,extra_trees_top_40,2,40
rna_first_fraction,0.003656173307257338,30,extra_trees_top_40,2,40
base_T_count,0.003176931675208153,31,extra_trees_top_40,2,40
base_A_count,0.003070544799564364,32,extra_trees_top_40,2,40
gc_fraction,0.003032686369347373,33,extra_trees_top_40,2,40
au_fraction,0.002996853961105855,34,extra_trees_top_40,2,40
max_gc_window_10,0.0026954851083641884,35,extra_trees_top_40,2,40
star_last_fraction,0.002534164798805173,36,extra_trees_top_40,2,40
has_slash_mod,0.002470335735202698,37,extra_trees_top_40,2,40
star_span_fraction,0.0024500349527037187,38,extra_trees_top_40,2,40
token_rA_count,0.0023516591464841714,39,extra_trees_top_40,2,40
longest_star_run,0.0023123575418749526,40,extra_trees_top_40,2,40
token_length,0.7200013887639871,1,correlation_pruned_top_40,3,40
base_C_count,0.6797842725819022,2,correlation_pruned_top_40,3,40
rna_last_position,0.6644972388753649,3,correlation_pruned_top_40,3,40
rna_count_5p,0.6582136349663298,4,correlation_pruned_top_40,3,40
base_G_count,0.6561661545353551,5,correlation_pruned_top_40,3,40
token_rG_count,0.609295977397221,6,correlation_pruned_top_40,3,40
token_rU_count,0.5439656067950911,7,correlation_pruned_top_40,3,40
base_U_count,0.5250278961649908,8,correlation_pruned_top_40,3,40
modified_token_last_position,0.48178610213222256,9,correlation_pruned_top_40,3,40
rna_count_3p,0.47756689186065887,10,correlation_pruned_top_40,3,40
star_mean_position,0.4574459002894694,11,correlation_pruned_top_40,3,40
methyl_position_std,0.45550348849278954,12,correlation_pruned_top_40,3,40
longest_rna_run,0.38872583528456317,13,correlation_pruned_top_40,3,40
longest_rC_run,0.3851741560011112,14,correlation_pruned_top_40,3,40
token_rC_fraction,0.3697044872715978,15,correlation_pruned_top_40,3,40
longest_rG_run,0.36920976423085267,16,correlation_pruned_top_40,3,40
base_C_fraction,0.36336817433683855,17,correlation_pruned_top_40,3,40
max_gc_window_10,0.34985394142482057,18,correlation_pruned_top_40,3,40
longest_gc_run,0.34547522829620714,19,correlation_pruned_top_40,3,40
token_rG_fraction,0.30834707157298885,20,correlation_pruned_top_40,3,40
base_G_fraction,0.2808495005278663,21,correlation_pruned_top_40,3,40
base_A_fraction,0.26939636332845374,22,correlation_pruned_top_40,3,40
star_count_3p,0.2513959569522149,23,correlation_pruned_top_40,3,40
rna_density_5p,0.21864828203975184,24,correlation_pruned_top_40,3,40
star_density_5p,0.20422730936220407,25,correlation_pruned_top_40,3,40
slash_mod_first_position,0.18910450371751678,26,correlation_pruned_top_40,3,40
star_density_middle,0.18108550419997782,27,correlation_pruned_top_40,3,40
star_mean_fraction,0.17295587798195833,28,correlation_pruned_top_40,3,40
token_mA_fraction,0.16462987852951316,29,correlation_pruned_top_40,3,40
slash_mod_first_fraction,0.16347032879208556,30,correlation_pruned_top_40,3,40
token_mU_fraction,0.15456284595712674,31,correlation_pruned_top_40,3,40
methyl_density_5p,0.14633875425201165,32,correlation_pruned_top_40,3,40
rna_first_fraction,0.14115616099543912,33,correlation_pruned_top_40,3,40
modified_token_mean_fraction,0.1382848400879144,34,correlation_pruned_top_40,3,40
longest_slash_mod_run,0.1313695987226328,35,correlation_pruned_top_40,3,40
rna_span_fraction,0.1301550018310633,36,correlation_pruned_top_40,3,40
lna_position_std,0.1267627536599962,37,correlation_pruned_top_40,3,40
token_lT_count,0.12573710957003326,38,correlation_pruned_top_40,3,40
slash_mod_count_middle,0.124824459016068,39,correlation_pruned_top_40,3,40
star_count,0.1236689023759591,40,correlation_pruned_top_40,3,40
token_length,0.6215571167560272,1,mutual_info_top_40,3,40
decorated_length,0.6170539811026368,2,mutual_info_top_40,3,40
modified_token_last_position,0.6118527846133972,3,mutual_info_top_40,3,40
base_length,0.6068432922997804,4,mutual_info_top_40,3,40
methyl_last_position,0.5883103451617631,5,mutual_info_top_40,3,40
rna_position_std,0.5881445195484307,6,mutual_info_top_40,3,40
rna_mean_position,0.5843823108630248,7,mutual_info_top_40,3,40
star_mean_position,0.5786270000765814,8,mutual_info_top_40,3,40
rna_first_fraction,0.5772129504005674,9,mutual_info_top_40,3,40
star_last_position,0.571811515056539,10,mutual_info_top_40,3,40
star_position_std,0.5683750287162619,11,mutual_info_top_40,3,40
star_first_fraction,0.5656832142302402,12,mutual_info_top_40,3,40
modified_token_position_std,0.5652917889326265,13,mutual_info_top_40,3,40
rna_density_5p,0.5560824036529355,14,mutual_info_top_40,3,40
modified_token_density_5p,0.5454122180884045,15,mutual_info_top_40,3,40
mod_density_5p,0.5449337419803979,16,mutual_info_top_40,3,40
methyl_mean_position,0.5410152968682658,17,mutual_info_top_40,3,40
methyl_position_std,0.5361037282852279,18,mutual_info_top_40,3,40
rna_density_3p,0.5296054499237735,19,mutual_info_top_40,3,40
rna_last_position,0.5284475414308814,20,mutual_info_top_40,3,40
star_density_5p,0.5263226927660565,21,mutual_info_top_40,3,40
rna_span_fraction,0.5230586866728744,22,mutual_info_top_40,3,40
modified_token_mean_position,0.5209346720131998,23,mutual_info_top_40,3,40
mod_density_3p,0.5170701034348819,24,mutual_info_top_40,3,40
methyl_density_5p,0.5160760746949244,25,mutual_info_top_40,3,40
rna_count_middle,0.5139922980152445,26,mutual_info_top_40,3,40
modified_token_density_3p,0.5119037029589459,27,mutual_info_top_40,3,40
star_density,0.5116749457641339,28,mutual_info_top_40,3,40
star_last_fraction,0.5003878091445659,29,mutual_info_top_40,3,40
longest_rna_run,0.49388222873810284,30,mutual_info_top_40,3,40
rna_count_5p,0.490662507513107,31,mutual_info_top_40,3,40
star_density_3p,0.4871513739040134,32,mutual_info_top_40,3,40
base_G_count,0.48556155222231423,33,mutual_info_top_40,3,40
star_span_fraction,0.4826016025985278,34,mutual_info_top_40,3,40
rna_count_3p,0.48134549279420025,35,mutual_info_top_40,3,40
methyl_density_3p,0.47709778934824243,36,mutual_info_top_40,3,40
base_A_count,0.4656879483384313,37,mutual_info_top_40,3,40
base_C_count,0.43349757138679346,38,mutual_info_top_40,3,40
rna_last_fraction,0.4269613948405433,39,mutual_info_top_40,3,40
token_rG_count,0.42328422784881026,40,mutual_info_top_40,3,40
token_length,0.09818273731101801,1,extra_trees_top_40,3,40
decorated_length,0.07841785396303302,2,extra_trees_top_40,3,40
star_last_position,0.07816791048461547,3,extra_trees_top_40,3,40
base_length,0.07387844431624584,4,extra_trees_top_40,3,40
methyl_last_position,0.07106250737750516,5,extra_trees_top_40,3,40
rna_last_position,0.04482573128282254,6,extra_trees_top_40,3,40
star_mean_position,0.04268572083512151,7,extra_trees_top_40,3,40
rna_mean_position,0.04030660516105937,8,extra_trees_top_40,3,40
modified_token_last_position,0.03981535427823415,9,extra_trees_top_40,3,40
base_C_count,0.0387405781386392,10,extra_trees_top_40,3,40
star_position_std,0.034983982513576574,11,extra_trees_top_40,3,40
base_G_count,0.031171472359669102,12,extra_trees_top_40,3,40
rna_position_std,0.028574886822895426,13,extra_trees_top_40,3,40
token_rC_count,0.025578071141228297,14,extra_trees_top_40,3,40
rna_count_middle,0.02205947156642364,15,extra_trees_top_40,3,40
methyl_position_std,0.021211319798825082,16,extra_trees_top_40,3,40
token_rG_count,0.020696722341900196,17,extra_trees_top_40,3,40
rna_count_5p,0.015429127689461102,18,extra_trees_top_40,3,40
rna_count_3p,0.012113790981662402,19,extra_trees_top_40,3,40
methyl_mean_position,0.009316624251726002,20,extra_trees_top_40,3,40
modified_token_position_std,0.008603321052589305,21,extra_trees_top_40,3,40
modified_token_mean_position,0.008599919426108658,22,extra_trees_top_40,3,40
base_T_count,0.00810415054004406,23,extra_trees_top_40,3,40
base_U_count,0.0063140489115895825,24,extra_trees_top_40,3,40
longest_rU_run,0.006001596880101069,25,extra_trees_top_40,3,40
longest_rna_run,0.0056944572945687435,26,extra_trees_top_40,3,40
au_fraction,0.0034826890557846674,27,extra_trees_top_40,3,40
longest_rC_run,0.003370261226846509,28,extra_trees_top_40,3,40
star_first_fraction,0.0031312828452114555,29,extra_trees_top_40,3,40
longest_rA_run,0.002983709088522654,30,extra_trees_top_40,3,40
repeated_dinucleotide_count,0.0029630225461454466,31,extra_trees_top_40,3,40
max_gc_window_10,0.0029472646566548947,32,extra_trees_top_40,3,40
gc_fraction,0.002805910118753371,33,extra_trees_top_40,3,40
base_G_fraction,0.0027570269216658947,34,extra_trees_top_40,3,40
rna_first_fraction,0.0027445877829377387,35,extra_trees_top_40,3,40
terminal_gc_count,0.002713372817806088,36,extra_trees_top_40,3,40
base_A_fraction,0.0024739485754174018,37,extra_trees_top_40,3,40
base_C_fraction,0.0024080270959967905,38,extra_trees_top_40,3,40
longest_homopolymer_run,0.0023898410162146466,39,extra_trees_top_40,3,40
has_slash_mod,0.0023691177828089956,40,extra_trees_top_40,3,40
token_length,0.7134381077009837,1,correlation_pruned_top_40,4,40
base_C_count,0.6827844719927725,2,correlation_pruned_top_40,4,40
rna_last_position,0.6612857861689709,3,correlation_pruned_top_40,4,40
base_G_count,0.6553849710695351,4,correlation_pruned_top_40,4,40
rna_count_5p,0.6512320287146246,5,correlation_pruned_top_40,4,40
token_rG_count,0.6103913917129572,6,correlation_pruned_top_40,4,40
token_rU_count,0.542014489285554,7,correlation_pruned_top_40,4,40
base_U_count,0.5235971517574965,8,correlation_pruned_top_40,4,40
rna_count_3p,0.48079503241944155,9,correlation_pruned_top_40,4,40
modified_token_last_position,0.47055731295367237,10,correlation_pruned_top_40,4,40
star_mean_position,0.447610356878109,11,correlation_pruned_top_40,4,40
methyl_position_std,0.4407665124134679,12,correlation_pruned_top_40,4,40
longest_rC_run,0.3864176590015258,13,correlation_pruned_top_40,4,40
longest_rna_run,0.3854633746786793,14,correlation_pruned_top_40,4,40
token_rC_fraction,0.3815773423001873,15,correlation_pruned_top_40,4,40
base_C_fraction,0.3764298879034907,16,correlation_pruned_top_40,4,40
longest_rG_run,0.3738335314822965,17,correlation_pruned_top_40,4,40
max_gc_window_10,0.3510964163841683,18,correlation_pruned_top_40,4,40
longest_gc_run,0.3455812003513662,19,correlation_pruned_top_40,4,40
token_rG_fraction,0.31151745088393323,20,correlation_pruned_top_40,4,40
base_A_fraction,0.28114320791029374,21,correlation_pruned_top_40,4,40
base_G_fraction,0.27775189156095553,22,correlation_pruned_top_40,4,40
star_count_3p,0.23814349609746766,23,correlation_pruned_top_40,4,40
rna_density_5p,0.22442750715510007,24,correlation_pruned_top_40,4,40
star_density_5p,0.21257476504349257,25,correlation_pruned_top_40,4,40
slash_mod_first_position,0.2004234099472013,26,correlation_pruned_top_40,4,40
slash_mod_first_fraction,0.17904332268370543,27,correlation_pruned_top_40,4,40
star_density_middle,0.17602514539407643,28,correlation_pruned_top_40,4,40
token_mA_fraction,0.17601683819150743,29,correlation_pruned_top_40,4,40
methyl_density_5p,0.1659506358159013,30,correlation_pruned_top_40,4,40
token_mU_fraction,0.16542226579305044,31,correlation_pruned_top_40,4,40
star_mean_fraction,0.16391417256284288,32,correlation_pruned_top_40,4,40
star_first_position,0.1431625494023531,33,correlation_pruned_top_40,4,40
rna_span_fraction,0.14126700731554373,34,correlation_pruned_top_40,4,40
token_lA_count,0.13913374986650925,35,correlation_pruned_top_40,4,40
rna_first_fraction,0.13469870415237448,36,correlation_pruned_top_40,4,40
longest_slash_mod_run,0.1334843566675137,37,correlation_pruned_top_40,4,40
longest_rU_run,0.12818243903611468,38,correlation_pruned_top_40,4,40
longest_lG_run,0.12348940892752414,39,correlation_pruned_top_40,4,40
token_rU_fraction,0.12246904356702916,40,correlation_pruned_top_40,4,40
token_length,0.6203550713067325,1,mutual_info_top_40,4,40
decorated_length,0.6200147072255997,2,mutual_info_top_40,4,40
base_length,0.6113612397437844,3,mutual_info_top_40,4,40
modified_token_last_position,0.5952171597251605,4,mutual_info_top_40,4,40
rna_position_std,0.5856025174192374,5,mutual_info_top_40,4,40
star_first_fraction,0.5799804918890081,6,mutual_info_top_40,4,40
methyl_last_position,0.576227183604912,7,mutual_info_top_40,4,40
star_last_position,0.5712037242925225,8,mutual_info_top_40,4,40
methyl_position_std,0.5701638540639604,9,mutual_info_top_40,4,40
star_mean_position,0.560759422813371,10,mutual_info_top_40,4,40
modified_token_position_std,0.5527797957065692,11,mutual_info_top_40,4,40
star_position_std,0.5521859596837131,12,mutual_info_top_40,4,40
modified_token_density_5p,0.538972475339373,13,mutual_info_top_40,4,40
rna_mean_position,0.5385834273121914,14,mutual_info_top_40,4,40
methyl_mean_position,0.5320447421409304,15,mutual_info_top_40,4,40
rna_first_fraction,0.5290947678728086,16,mutual_info_top_40,4,40
star_density,0.5232879813468796,17,mutual_info_top_40,4,40
rna_last_position,0.5198825219613852,18,mutual_info_top_40,4,40
mod_density_5p,0.5174057648955381,19,mutual_info_top_40,4,40
rna_count_middle,0.5138382065221387,20,mutual_info_top_40,4,40
star_last_fraction,0.5104428311357934,21,mutual_info_top_40,4,40
rna_span_fraction,0.5096285000052068,22,mutual_info_top_40,4,40
rna_density_5p,0.5067869152715256,23,mutual_info_top_40,4,40
star_density_5p,0.506289014912864,24,mutual_info_top_40,4,40
modified_token_density_3p,0.5042063634209293,25,mutual_info_top_40,4,40
modified_token_mean_position,0.5029393445250383,26,mutual_info_top_40,4,40
star_span_fraction,0.5027281664665133,27,mutual_info_top_40,4,40
mod_density_3p,0.5021645967466712,28,mutual_info_top_40,4,40
base_G_count,0.4977649491550138,29,mutual_info_top_40,4,40
methyl_density_5p,0.4939189294279438,30,mutual_info_top_40,4,40
longest_rna_run,0.49150765501607774,31,mutual_info_top_40,4,40
rna_density_3p,0.49016898971016243,32,mutual_info_top_40,4,40
rna_count_3p,0.4830868054640338,33,mutual_info_top_40,4,40
rna_count_5p,0.4821040743357172,34,mutual_info_top_40,4,40
star_density_3p,0.46410731409803807,35,mutual_info_top_40,4,40
base_C_count,0.4620874891576561,36,mutual_info_top_40,4,40
methyl_density_3p,0.4600162740848277,37,mutual_info_top_40,4,40
base_T_count,0.4525651482350934,38,mutual_info_top_40,4,40
base_A_count,0.4525439382495642,39,mutual_info_top_40,4,40
token_mU_fraction,0.44972978412203224,40,mutual_info_top_40,4,40
token_length,0.09902686492699747,1,extra_trees_top_40,4,40
decorated_length,0.08730386774894532,2,extra_trees_top_40,4,40
methyl_last_position,0.07340561088494736,3,extra_trees_top_40,4,40
base_length,0.06930524272243192,4,extra_trees_top_40,4,40
star_last_position,0.05727805444588315,5,extra_trees_top_40,4,40
star_mean_position,0.047981720470881055,6,extra_trees_top_40,4,40
rna_mean_position,0.046444601188739845,7,extra_trees_top_40,4,40
star_position_std,0.0456178757600005,8,extra_trees_top_40,4,40
base_G_count,0.043449013812830985,9,extra_trees_top_40,4,40
rna_last_position,0.04020852903624528,10,extra_trees_top_40,4,40
modified_token_last_position,0.03785231646928644,11,extra_trees_top_40,4,40
base_C_count,0.03301451409793775,12,extra_trees_top_40,4,40
rna_position_std,0.03221606875921642,13,extra_trees_top_40,4,40
rna_count_middle,0.02049840720882128,14,extra_trees_top_40,4,40
token_rG_count,0.020271684811246138,15,extra_trees_top_40,4,40
token_rC_count,0.02006624237853773,16,extra_trees_top_40,4,40
methyl_position_std,0.015754407898529246,17,extra_trees_top_40,4,40
rna_count_5p,0.012548800376361023,18,extra_trees_top_40,4,40
rna_count_3p,0.012271116163830495,19,extra_trees_top_40,4,40
modified_token_position_std,0.01023038046188257,20,extra_trees_top_40,4,40
base_U_count,0.007151272007611934,21,extra_trees_top_40,4,40
methyl_mean_position,0.006421856177290848,22,extra_trees_top_40,4,40
modified_token_mean_position,0.006152811029715171,23,extra_trees_top_40,4,40
longest_rU_run,0.006067052170519162,24,extra_trees_top_40,4,40
longest_rna_run,0.00515248855793684,25,extra_trees_top_40,4,40
rna_first_fraction,0.004845269063587348,26,extra_trees_top_40,4,40
token_rU_count,0.004311068087135542,27,extra_trees_top_40,4,40
au_fraction,0.004210862447583801,28,extra_trees_top_40,4,40
gc_fraction,0.003957651260943698,29,extra_trees_top_40,4,40
terminal_gc_count,0.0038850698450879463,30,extra_trees_top_40,4,40
base_T_count,0.0032535437458862397,31,extra_trees_top_40,4,40
star_span_fraction,0.003217410320587329,32,extra_trees_top_40,4,40
longest_rC_run,0.003191678867122277,33,extra_trees_top_40,4,40
slash_mod_span_fraction,0.0030297910732790916,34,extra_trees_top_40,4,40
star_first_fraction,0.002986941447727361,35,extra_trees_top_40,4,40
base_G_fraction,0.0029755179132468466,36,extra_trees_top_40,4,40
base_A_count,0.0029000279168163324,37,extra_trees_top_40,4,40
has_slash_mod,0.002886139079986571,38,extra_trees_top_40,4,40
longest_homopolymer_run,0.002866952555256975,39,extra_trees_top_40,4,40
slash_mod_position_std,0.002831220865872423,40,extra_trees_top_40,4,40
token_length,0.7275016190134294,1,correlation_pruned_top_40,5,40
base_C_count,0.6900266234805507,2,correlation_pruned_top_40,5,40
rna_last_position,0.6699136687577112,3,correlation_pruned_top_40,5,40
base_G_count,0.6650424641530397,4,correlation_pruned_top_40,5,40
rna_count_5p,0.6546434332046543,5,correlation_pruned_top_40,5,40
token_rG_count,0.6064763244119785,6,correlation_pruned_top_40,5,40
token_rU_count,0.563684255450019,7,correlation_pruned_top_40,5,40
base_U_count,0.5562517251677999,8,correlation_pruned_top_40,5,40
modified_token_last_position,0.5180668296189218,9,correlation_pruned_top_40,5,40
modified_token_position_std,0.5067131851083706,10,correlation_pruned_top_40,5,40
star_mean_position,0.47917559156475975,11,correlation_pruned_top_40,5,40
methyl_position_std,0.47817648932801954,12,correlation_pruned_top_40,5,40
rna_count_3p,0.472850807460727,13,correlation_pruned_top_40,5,40
longest_rna_run,0.3854669852743023,14,correlation_pruned_top_40,5,40
longest_rC_run,0.3832552658233036,15,correlation_pruned_top_40,5,40
longest_rG_run,0.37219672355031075,16,correlation_pruned_top_40,5,40
max_gc_window_10,0.36783925108889326,17,correlation_pruned_top_40,5,40
base_C_fraction,0.3673155208449468,18,correlation_pruned_top_40,5,40
token_rC_fraction,0.3580114081507312,19,correlation_pruned_top_40,5,40
longest_gc_run,0.34357325431812114,20,correlation_pruned_top_40,5,40
token_rG_fraction,0.2926423078414278,21,correlation_pruned_top_40,5,40
base_A_fraction,0.2906062181208627,22,correlation_pruned_top_40,5,40
base_G_fraction,0.27839434083990394,23,correlation_pruned_top_40,5,40
star_count_3p,0.26822275024764614,24,correlation_pruned_top_40,5,40
slash_mod_first_position,0.2023988975347735,25,correlation_pruned_top_40,5,40
rna_density_5p,0.1970436282680572,26,correlation_pruned_top_40,5,40
star_density_5p,0.1931740394987548,27,correlation_pruned_top_40,5,40
token_rA_fraction,0.18785366747348328,28,correlation_pruned_top_40,5,40
star_mean_fraction,0.18735759409979716,29,correlation_pruned_top_40,5,40
slash_mod_first_fraction,0.17108819223646893,30,correlation_pruned_top_40,5,40
star_density_middle,0.17051806089925742,31,correlation_pruned_top_40,5,40
token_lA_count,0.1695463258501368,32,correlation_pruned_top_40,5,40
token_mA_fraction,0.16053948678069396,33,correlation_pruned_top_40,5,40
modified_token_mean_fraction,0.1508853294312667,34,correlation_pruned_top_40,5,40
star_count,0.1475420377222772,35,correlation_pruned_top_40,5,40
token_lG_count,0.14666228159354336,36,correlation_pruned_top_40,5,40
token_mU_fraction,0.1461219529711909,37,correlation_pruned_top_40,5,40
methyl_density_5p,0.13666703465937846,38,correlation_pruned_top_40,5,40
longest_slash_mod_run,0.13447989741472208,39,correlation_pruned_top_40,5,40
slash_mod_count_middle,0.12830875514082735,40,correlation_pruned_top_40,5,40
modified_token_last_position,0.6431716268160446,1,mutual_info_top_40,5,40
token_length,0.6369951884604981,2,mutual_info_top_40,5,40
decorated_length,0.6123241154579904,3,mutual_info_top_40,5,40
star_last_position,0.6121110038354858,4,mutual_info_top_40,5,40
star_first_fraction,0.6060315169840176,5,mutual_info_top_40,5,40
methyl_last_position,0.5996671106897837,6,mutual_info_top_40,5,40
star_position_std,0.5924500112504294,7,mutual_info_top_40,5,40
star_mean_position,0.5900485229973071,8,mutual_info_top_40,5,40
rna_first_fraction,0.5898179698216235,9,mutual_info_top_40,5,40
base_length,0.58969996230284,10,mutual_info_top_40,5,40
rna_mean_position,0.5800603662267179,11,mutual_info_top_40,5,40
modified_token_position_std,0.5776369144742977,12,mutual_info_top_40,5,40
rna_position_std,0.5675427092192757,13,mutual_info_top_40,5,40
rna_count_middle,0.5433060698383141,14,mutual_info_top_40,5,40
mod_density_5p,0.54141356121821,15,mutual_info_top_40,5,40
methyl_position_std,0.5392860296451771,16,mutual_info_top_40,5,40
rna_span_fraction,0.537644092315678,17,mutual_info_top_40,5,40
rna_last_position,0.5375828704388748,18,mutual_info_top_40,5,40
modified_token_density_5p,0.5364153456044494,19,mutual_info_top_40,5,40
star_span_fraction,0.5363600967010154,20,mutual_info_top_40,5,40
methyl_mean_position,0.536233794678926,21,mutual_info_top_40,5,40
star_density,0.5341159148244601,22,mutual_info_top_40,5,40
modified_token_density_3p,0.530992951660759,23,mutual_info_top_40,5,40
rna_density_3p,0.5212275318062947,24,mutual_info_top_40,5,40
star_last_fraction,0.5199933079716503,25,mutual_info_top_40,5,40
modified_token_mean_position,0.5176637704461786,26,mutual_info_top_40,5,40
methyl_density_5p,0.5149212233214047,27,mutual_info_top_40,5,40
mod_density_3p,0.5140548492568282,28,mutual_info_top_40,5,40
rna_density_5p,0.5125372024675099,29,mutual_info_top_40,5,40
star_density_5p,0.5121736435390107,30,mutual_info_top_40,5,40
star_density_3p,0.5018536807839205,31,mutual_info_top_40,5,40
longest_rna_run,0.5014166600214858,32,mutual_info_top_40,5,40
rna_count_3p,0.49407957440213535,33,mutual_info_top_40,5,40
rna_count_5p,0.489038117795598,34,mutual_info_top_40,5,40
base_G_count,0.48675597120978376,35,mutual_info_top_40,5,40
methyl_density_3p,0.47672561067762986,36,mutual_info_top_40,5,40
base_C_count,0.45084878768027625,37,mutual_info_top_40,5,40
base_A_count,0.43665575408082713,38,mutual_info_top_40,5,40
base_U_count,0.43199389229846963,39,mutual_info_top_40,5,40
token_mG_fraction,0.4261291720018292,40,mutual_info_top_40,5,40
token_length,0.10858071636315753,1,extra_trees_top_40,5,40
methyl_last_position,0.09352873802870754,2,extra_trees_top_40,5,40
decorated_length,0.07487561647215166,3,extra_trees_top_40,5,40
star_last_position,0.06983923163565174,4,extra_trees_top_40,5,40
base_length,0.06514503758596012,5,extra_trees_top_40,5,40
modified_token_last_position,0.04597507191359612,6,extra_trees_top_40,5,40
rna_mean_position,0.042630759513003144,7,extra_trees_top_40,5,40
star_position_std,0.042383131872692964,8,extra_trees_top_40,5,40
star_mean_position,0.04109690534142233,9,extra_trees_top_40,5,40
base_G_count,0.037346823288115664,10,extra_trees_top_40,5,40
rna_last_position,0.03438693465520601,11,extra_trees_top_40,5,40
rna_position_std,0.026518887514507386,12,extra_trees_top_40,5,40
methyl_position_std,0.023665574583084884,13,extra_trees_top_40,5,40
base_C_count,0.02139720662072102,14,extra_trees_top_40,5,40
rna_count_middle,0.019472542111910685,15,extra_trees_top_40,5,40
token_rC_count,0.016160140256741236,16,extra_trees_top_40,5,40
token_rG_count,0.014852417088587413,17,extra_trees_top_40,5,40
rna_count_3p,0.014319500858046333,18,extra_trees_top_40,5,40
modified_token_position_std,0.01102932901374615,19,extra_trees_top_40,5,40
base_U_count,0.010712976667237297,20,extra_trees_top_40,5,40
rna_count_5p,0.009391769532297116,21,extra_trees_top_40,5,40
token_rU_count,0.008645249247394958,22,extra_trees_top_40,5,40
base_T_count,0.007369167693047176,23,extra_trees_top_40,5,40
methyl_mean_position,0.007313878844760666,24,extra_trees_top_40,5,40
modified_token_mean_position,0.006181833501557095,25,extra_trees_top_40,5,40
longest_rna_run,0.006119967401965609,26,extra_trees_top_40,5,40
longest_rU_run,0.005639857714856756,27,extra_trees_top_40,5,40
slash_mod_span_fraction,0.005515122631337552,28,extra_trees_top_40,5,40
slash_mod_position_std,0.005067982761690532,29,extra_trees_top_40,5,40
rna_first_fraction,0.004680076242096684,30,extra_trees_top_40,5,40
gc_fraction,0.00346818728868936,31,extra_trees_top_40,5,40
base_G_fraction,0.003420221259778852,32,extra_trees_top_40,5,40
au_fraction,0.003403847148318879,33,extra_trees_top_40,5,40
terminal_gc_count,0.0031432511918038047,34,extra_trees_top_40,5,40
base_A_count,0.003085627753699184,35,extra_trees_top_40,5,40
longest_rC_run,0.0029242233564187848,36,extra_trees_top_40,5,40
slash_mod_last_fraction,0.002735052581493413,37,extra_trees_top_40,5,40
longest_homopolymer_run,0.002654760820530699,38,extra_trees_top_40,5,40
longest_rA_run,0.002445743341412959,39,extra_trees_top_40,5,40
base_A_fraction,0.0023857672133395045,40,extra_trees_top_40,5,40
